topic,issue_number,title,url,state,labels,assignees,created_at,updated_at,last_seen_at,archived_at,archive_reason,linked_pr_status,difficulty,component,learning_value,fixability,my_status,notes,next_action
attention_cache_kernels,765,[RFC]: Add SpargeAttn Sparse Attention Backend,https://github.com/vllm-project/vllm-omni/issues/765,open,,,2026-01-13T07:59:10Z,2026-01-26T07:33:31Z,2026-08-22T15:40:41+00:00,,,linked_partial,,,,,new,,
attention_cache_kernels,5493,[RFC]: Iterative Activation Processing,https://github.com/vllm-project/vllm-omni/issues/5493,open,RFC,,2026-07-28T06:52:28Z,2026-07-28T06:52:28Z,2026-08-22T15:40:41+00:00,,,linked_partial,,,,,new,,
ci_testing_regressions,4661,[RFC]: Third-party Sparse Attention Backends Support,https://github.com/vllm-project/vllm-omni/issues/4661,open,"diffusion, core, RFC",,2026-06-23T14:08:42Z,2026-06-26T13:00:22Z,2026-08-22T15:40:41+00:00,,,unlinked,,,,,new,,
ci_testing_regressions,5212,[RFC]: Engine-managed state for cache-aware streaming ASR,https://github.com/vllm-project/vllm-omni/issues/5212,open,"tts, RFC",,2026-07-20T04:04:51Z,2026-08-14T13:03:17Z,2026-08-22T15:40:41+00:00,,,unlinked,,,,,new,,
ci_testing_regressions,5407,[RFC]: Publish and aggregate test coverage reports from CI,https://github.com/vllm-project/vllm-omni/issues/5407,open,"CI/CD, RFC",,2026-07-25T13:56:04Z,2026-07-29T05:28:59Z,2026-08-22T15:40:41+00:00,,,unlinked,,,,,new,,
ci_testing_regressions,5450,[RFC]: Worker/ModelRunner correctness fixes (ModelRunner Refactor 2/N),https://github.com/vllm-project/vllm-omni/issues/5450,open,RFC,,2026-07-27T09:00:24Z,2026-07-27T09:00:24Z,2026-08-22T15:40:41+00:00,,,unlinked,,,,,new,,
ci_testing_regressions,5992,"[RFC]: Static quality gates — pre-commit hardening, CodeQL, and SonarQube Cloud",https://github.com/vllm-project/vllm-omni/issues/5992,open,"CI/CD, RFC",,2026-08-10T11:17:43Z,2026-08-11T12:31:54Z,2026-08-22T15:40:41+00:00,,,unlinked,,,,,new,,
ci_testing_regressions,5996,[RFC]: Trim low-value models from CI based on HF / discussion / freshness scoring,https://github.com/vllm-project/vllm-omni/issues/5996,open,RFC,,2026-08-10T12:10:04Z,2026-08-19T04:24:12Z,2026-08-22T15:40:41+00:00,,,unlinked,,,,,new,,
ci_testing_regressions,6028,[RFC]: Moving MiniCPM-o 4.5 and PersonaPlex out of Experimental,https://github.com/vllm-project/vllm-omni/issues/6028,open,"high priority, RFC",,2026-08-11T03:28:43Z,2026-08-17T02:37:04Z,2026-08-22T15:40:41+00:00,,,linked_partial,,,,,new,,
ci_testing_regressions,6245,[Bug]: Nightly / CI failed - tests/diffusion/quantization/test_quantization_quality.py::test_quantization_quality[fp8_ltx2] - AssertionError: LPIPS 0.1648 exceeds threshold 0.1 for fp8 on Lightricks/LTX-2,https://github.com/vllm-project/vllm-omni/issues/6245,open,"bug, ci-failure, low priority",,2026-08-17T01:25:23Z,2026-08-21T03:06:59Z,2026-08-22T15:40:41+00:00,,,unlinked,,,,,new,,
ci_testing_regressions,6326,[RFC]: Stage-Level Numerical Parity and Calibrated Quality Gates for Diffusion Optimizations,https://github.com/vllm-project/vllm-omni/issues/6326,open,,,2026-08-18T14:23:01Z,2026-08-18T14:54:55Z,2026-08-22T15:40:41+00:00,,,unlinked,,,,,new,,
ci_testing_regressions,6426,[Bug]: Nightly / CI failed - tests/e2e/online_serving/test_minicpmo_4_5_expansion.py::test_chinese_text_to_audio[default] - OOM (Out-of-Memory) issues occurred during continuous request sending.,https://github.com/vllm-project/vllm-omni/issues/6426,open,"bug, high priority, ci-failure",,2026-08-21T00:52:17Z,2026-08-21T02:30:25Z,2026-08-22T15:40:41+00:00,,,unlinked,,,,,new,,
config_deployment,4742,[RFC]: Add InvokeAI-vLLM-Omni Bridge as a Reference App Integration,https://github.com/vllm-project/vllm-omni/issues/4742,open,RFC,,2026-06-26T11:49:11Z,2026-08-14T15:49:16Z,2026-08-22T15:40:41+00:00,,,unlinked,,,,,new,,
config_deployment,5809,[RFC] Unified pluggable storage backend for video artifacts & metadata,https://github.com/vllm-project/vllm-omni/issues/5809,open,,,2026-08-05T13:47:12Z,2026-08-07T16:43:28Z,2026-08-22T15:40:41+00:00,,,linked_partial,,,,,new,,
diffusion_image_video,1030,[RFC]: Custom Op for diffusion,https://github.com/vllm-project/vllm-omni/issues/1030,open,,,2026-01-28T15:33:08Z,2026-02-03T16:11:24Z,2026-08-22T15:40:41+00:00,,,linked_partial,,,,,new,,
diffusion_image_video,1044,[RFC]: Extend FP8 Quantization to Text Encoders and VAE in Diffusion Models,https://github.com/vllm-project/vllm-omni/issues/1044,open,,,2026-01-29T03:17:55Z,2026-03-17T16:53:48Z,2026-08-22T15:40:41+00:00,,,linked_partial,,,,,new,,
diffusion_image_video,1055,[RFC]: FP8 Quantization for Key and Value Tensors in Diffusion Model Attention Layers,https://github.com/vllm-project/vllm-omni/issues/1055,open,,,2026-01-29T04:43:05Z,2026-03-17T16:53:45Z,2026-08-22T15:40:41+00:00,,,linked_partial,,,,,new,,
diffusion_image_video,1503,[RFC]: Startup UX Improvement for Diffusion Models,https://github.com/vllm-project/vllm-omni/issues/1503,open,,,2026-02-26T07:58:45Z,2026-02-26T08:00:34Z,2026-08-22T15:40:41+00:00,,,linked_partial,,,,,new,,
diffusion_image_video,1527,[RFC]: Bitsandbytes Quantization Support for Diffusion Pipelines,https://github.com/vllm-project/vllm-omni/issues/1527,open,,,2026-02-26T20:18:07Z,2026-02-26T21:19:32Z,2026-08-22T15:40:41+00:00,,,linked_partial,,,,,new,,
diffusion_image_video,1949,[RFC]: Dynamic Expert Parallel LoadBalance for DiT-MoE,https://github.com/vllm-project/vllm-omni/issues/1949,open,,,2026-03-17T09:17:04Z,2026-07-24T03:35:39Z,2026-08-22T15:40:41+00:00,,,unlinked,,,,,new,,
diffusion_image_video,1959,[RFC]: NVFP4 Quantization Support for Diffusion Models,https://github.com/vllm-project/vllm-omni/issues/1959,open,,,2026-03-17T18:59:26Z,2026-03-17T19:03:04Z,2026-08-22T15:40:41+00:00,,,linked_partial,,,,,new,,
diffusion_image_video,2093,[RFC]: Support Wan2.2-I2V-A14B Model in vllm-omni Multimodal Generation Framework,https://github.com/vllm-project/vllm-omni/issues/2093,open,help wanted,,2026-03-23T08:56:58Z,2026-04-16T14:49:33Z,2026-08-22T15:40:41+00:00,,,unlinked,,,,,new,,
diffusion_image_video,2149,[RFC]: Multi-LoRA Composition for Diffusion Models,https://github.com/vllm-project/vllm-omni/issues/2149,open,,,2026-03-24T19:51:37Z,2026-03-25T17:57:18Z,2026-08-22T15:40:41+00:00,,,linked_partial,,,,,new,,
diffusion_image_video,2150,"[RFC]: LyCORIS Adapter Support for Diffusion Models (LoKr, LoHa, and beyond)",https://github.com/vllm-project/vllm-omni/issues/2150,open,,,2026-03-24T19:57:45Z,2026-03-24T19:57:45Z,2026-08-22T15:40:41+00:00,,,linked_partial,,,,,new,,
diffusion_image_video,2189,[RFC]: Add Diffusion Pipeline Protocol / Base Class,https://github.com/vllm-project/vllm-omni/issues/2189,open,,,2026-03-25T15:12:10Z,2026-04-13T14:31:59Z,2026-08-22T15:40:41+00:00,,,unlinked,,,,,new,,
diffusion_image_video,2201,[RFC] Streaming Video Input for Omni-Modal Real-Time Interaction,https://github.com/vllm-project/vllm-omni/issues/2201,open,,,2026-03-25T20:16:53Z,2026-04-02T02:45:10Z,2026-08-22T15:40:41+00:00,,,linked_partial,,,,,new,,
diffusion_image_video,2305,[RFC]: PagedAttention and KV Cache for Autoregressive Diffusion,https://github.com/vllm-project/vllm-omni/issues/2305,open,,,2026-03-28T20:18:11Z,2026-05-29T14:45:22Z,2026-08-22T15:40:41+00:00,,,unlinked,,,,,new,,
diffusion_image_video,2335,[RFC]: diffusion engine clean up,https://github.com/vllm-project/vllm-omni/issues/2335,open,"help wanted, high priority",,2026-03-30T11:53:33Z,2026-04-25T16:04:49Z,2026-08-22T15:40:41+00:00,,,linked_partial,,,,,new,,
diffusion_image_video,2371,[RFC]: Support Multi-branch CFG in TeaCache Hook,https://github.com/vllm-project/vllm-omni/issues/2371,open,,,2026-03-31T10:16:07Z,2026-03-31T10:16:07Z,2026-08-22T15:40:41+00:00,,,linked_partial,,,,,new,,
diffusion_image_video,3115,[RFC]: LVSA — Long Video Sparse Attention for vllm-omni,https://github.com/vllm-project/vllm-omni/issues/3115,open,,,2026-04-24T15:44:49Z,2026-06-08T15:07:08Z,2026-08-22T15:40:41+00:00,,,unlinked,,,,,new,,
diffusion_image_video,3435,[RFC]: Support Deterministic Rollout for RL Training of Omni-Modal & Diffusion Models,https://github.com/vllm-project/vllm-omni/issues/3435,open,help wanted,,2026-05-08T03:39:57Z,2026-07-18T03:33:20Z,2026-08-22T15:40:41+00:00,,,linked_partial,,,,,new,,
diffusion_image_video,3550,[RFC] [Refactor]: Unify diffusion request identity around request_id,https://github.com/vllm-project/vllm-omni/issues/3550,open,diffusion,,2026-05-12T14:24:01Z,2026-05-19T14:39:26Z,2026-08-22T15:40:41+00:00,,,unlinked,,,,,new,,
diffusion_image_video,3699,[Feature]: Add VoxCPM2 support in diffusion model registry,https://github.com/vllm-project/vllm-omni/issues/3699,open,,,2026-05-18T13:38:30Z,2026-06-02T16:19:33Z,2026-08-22T15:40:41+00:00,,,unlinked,,,,,new,,
diffusion_image_video,3715,[RFC]: Pluggable custom attention backends with first-class per-forward state for diffusion,https://github.com/vllm-project/vllm-omni/issues/3715,open,,,2026-05-18T23:29:43Z,2026-05-20T13:45:20Z,2026-08-22T15:40:41+00:00,,,linked_partial,,,,,new,,
diffusion_image_video,3731,[RFC] HunyuanImage Model Bug Tracking,https://github.com/vllm-project/vllm-omni/issues/3731,open,,,2026-05-19T08:11:11Z,2026-06-22T12:40:38Z,2026-08-22T15:40:41+00:00,,,unlinked,,,,,new,,
diffusion_image_video,3747,[RFC]: Reinforcement Learning for World Models,https://github.com/vllm-project/vllm-omni/issues/3747,open,,,2026-05-19T18:44:58Z,2026-06-28T02:55:54Z,2026-08-22T15:40:41+00:00,,,linked_partial,,,,,new,,
diffusion_image_video,3775,[Feature]: vllm-omni diffusion step execution supports cache backend,https://github.com/vllm-project/vllm-omni/issues/3775,open,,,2026-05-20T16:02:56Z,2026-05-21T08:38:03Z,2026-08-22T15:40:41+00:00,,,unlinked,,,,,new,,
diffusion_image_video,4077,[RFC]: Support Model FLOPs Utilization (MFU) Metrics for Diffusion Models (DiTs),https://github.com/vllm-project/vllm-omni/issues/4077,open,"help wanted, high priority",,2026-06-02T10:26:25Z,2026-06-08T04:57:18Z,2026-08-22T15:40:41+00:00,,,linked_partial,,,,,new,,
diffusion_image_video,4107,[Feature]: Enabling multi card support in Intel GPU,https://github.com/vllm-project/vllm-omni/issues/4107,open,,,2026-06-03T14:52:52Z,2026-06-04T03:44:05Z,2026-08-22T15:40:41+00:00,,,unlinked,,,,,new,,
diffusion_image_video,4126,[RFC]: OmniDreams Model Support,https://github.com/vllm-project/vllm-omni/issues/4126,open,,,2026-06-04T02:03:27Z,2026-07-09T12:48:24Z,2026-08-22T15:40:41+00:00,,,unlinked,,,,,new,,
diffusion_image_video,4127,[RFC]: DreamZero Inference Optimization Roadmap,https://github.com/vllm-project/vllm-omni/issues/4127,open,,,2026-06-04T02:15:13Z,2026-08-14T14:14:17Z,2026-08-22T15:40:41+00:00,,,linked_partial,,,,,new,,
diffusion_image_video,4193,[RFC]: Add JoyAI-Echo (LTX-2.3-derived multi-shot T2V+Audio),https://github.com/vllm-project/vllm-omni/issues/4193,open,"help wanted, good first issue, new model",,2026-06-05T16:01:35Z,2026-06-10T07:07:44Z,2026-08-22T15:40:41+00:00,,,linked_partial,,,,,new,,
diffusion_image_video,4274,[RFC]: LoRA adapter support for autoregressive TTS models,https://github.com/vllm-project/vllm-omni/issues/4274,open,,,2026-06-08T19:57:20Z,2026-06-08T23:29:20Z,2026-08-22T15:40:41+00:00,,,linked_partial,,,,,new,,
diffusion_image_video,4356,[Feature]: Disaggregated Serving for WAN2.2-I2V,https://github.com/vllm-project/vllm-omni/issues/4356,open,,,2026-06-11T14:17:45Z,2026-06-11T14:17:45Z,2026-08-22T15:40:41+00:00,,,unlinked,,,,,new,,
diffusion_image_video,4376,[Feature]:  Support image URL input for Qwen-Image-Edit in /v1/chat/completions,https://github.com/vllm-project/vllm-omni/issues/4376,open,frontend,,2026-06-12T06:45:19Z,2026-06-19T15:34:12Z,2026-08-22T15:40:41+00:00,,,unlinked,,,,,new,,
diffusion_image_video,4400,[RFC] Improve diffusion worker/engine control-plane reliability and output contracts,https://github.com/vllm-project/vllm-omni/issues/4400,open,"help wanted, high priority",,2026-06-13T01:24:38Z,2026-08-19T22:23:05Z,2026-08-22T15:40:41+00:00,,,linked_partial,,,,,new,,
diffusion_image_video,4533,[Performance][HunyuanImage3] Unable to reproduce #4041 E2E speedup for DiT grouped step batching on 8xA100,https://github.com/vllm-project/vllm-omni/issues/4533,open,,,2026-06-18T08:27:22Z,2026-06-18T19:16:14Z,2026-08-22T15:40:41+00:00,,,unlinked,,,,,new,,
diffusion_image_video,4658,[RFC]: Upstreaming `runtime_v2`: A Task-Centric Elastic Runtime for DiT Serving,https://github.com/vllm-project/vllm-omni/issues/4658,open,"high priority, RFC",,2026-06-23T12:47:10Z,2026-06-24T13:55:51Z,2026-08-22T15:40:41+00:00,,,linked_partial,,,,,new,,
diffusion_image_video,4864,[RFC]: Deterministic Rollout Support for vLLM-Omni,https://github.com/vllm-project/vllm-omni/issues/4864,open,RL,,2026-07-03T09:14:46Z,2026-07-06T02:52:35Z,2026-08-22T15:40:41+00:00,,,unlinked,,,,,new,,
diffusion_image_video,5054,[RFC]: extract the customized logic out of the vllm_omni/diffusion/data.py,https://github.com/vllm-project/vllm-omni/issues/5054,open,RFC,,2026-07-12T09:41:03Z,2026-07-12T09:42:01Z,2026-08-22T15:40:41+00:00,,,unlinked,,,,,new,,
diffusion_image_video,5135,[RFC]: Cost-aware load balancing for replica data parallelism,https://github.com/vllm-project/vllm-omni/issues/5135,open,,,2026-07-16T01:45:40Z,2026-07-16T02:42:45Z,2026-08-22T15:40:41+00:00,,,unlinked,,,,,new,,
diffusion_image_video,5145,[RFC]: Supplement Unit Test Cases,https://github.com/vllm-project/vllm-omni/issues/5145,open,RFC,,2026-07-16T07:59:51Z,2026-08-14T01:36:56Z,2026-08-22T15:40:41+00:00,,,linked_partial,,,,,new,,
diffusion_image_video,5160,[RFC]: Make Diffusion Config Validation and Initialization Predictable,https://github.com/vllm-project/vllm-omni/issues/5160,open,,,2026-07-17T02:58:37Z,2026-07-21T02:23:31Z,2026-08-22T15:40:41+00:00,,,linked_partial,,,,,new,,
diffusion_image_video,5257,[Performance][Discussion]: Does FP8 meet expected speedup?,https://github.com/vllm-project/vllm-omni/issues/5257,open,,,2026-07-21T05:52:17Z,2026-07-21T14:23:12Z,2026-08-22T15:40:41+00:00,,,unlinked,,,,,new,,
diffusion_image_video,5266,[RFC]: Remove the legacy stage_args YAML loader,https://github.com/vllm-project/vllm-omni/issues/5266,open,high priority,,2026-07-21T08:45:48Z,2026-07-30T10:13:13Z,2026-08-22T15:40:41+00:00,,,linked_partial,,,,,new,,
diffusion_image_video,5282,[RFC]: trtllm-gen diffusion attention backend with Skip-Softmax,https://github.com/vllm-project/vllm-omni/issues/5282,open,,,2026-07-21T13:59:47Z,2026-07-22T07:49:51Z,2026-08-22T15:40:41+00:00,,,unlinked,,,,,new,,
diffusion_image_video,5288,[RFC]: trtllm diffusion attention — roadmap,https://github.com/vllm-project/vllm-omni/issues/5288,open,,,2026-07-21T15:09:07Z,2026-07-24T09:39:23Z,2026-08-22T15:40:41+00:00,,,unlinked,,,,,new,,
diffusion_image_video,5332,"[RFC]: CI improvement plan — E2E layering, Acc, pinned deps, job matrix",https://github.com/vllm-project/vllm-omni/issues/5332,open,"help wanted, CI/CD",,2026-07-23T00:58:45Z,2026-08-10T11:31:27Z,2026-08-22T15:40:41+00:00,,,unlinked,,,,,new,,
diffusion_image_video,5501,[Doc]: Wan & Hunyuan Multimodal Model Text-to-Video Execution Instructions,https://github.com/vllm-project/vllm-omni/issues/5501,open,documentation,,2026-07-28T08:14:02Z,2026-07-28T08:14:02Z,2026-08-22T15:40:41+00:00,,,unlinked,,,,,new,,
diffusion_image_video,5631,[RFC]: Production-grade NVIDIA Blackwell support in vLLM-Omni,https://github.com/vllm-project/vllm-omni/issues/5631,open,RFC,,2026-07-31T02:33:21Z,2026-08-13T22:59:54Z,2026-08-22T15:40:41+00:00,,,linked_partial,,,,,new,,
diffusion_image_video,5789,[Bug]: --allowed-local-media-path is ignored for pure diffusion speech,https://github.com/vllm-project/vllm-omni/issues/5789,open,"bug, help wanted, low priority",,2026-08-05T02:39:58Z,2026-08-15T12:15:59Z,2026-08-22T15:40:41+00:00,,,unlinked,,,,,new,,
diffusion_image_video,5919,[RFC]: User Guide Information Architecture and Content Refactor,https://github.com/vllm-project/vllm-omni/issues/5919,open,RFC,,2026-08-08T14:08:31Z,2026-08-12T15:14:47Z,2026-08-22T15:40:41+00:00,,,linked_partial,,,,,new,,
diffusion_image_video,6057,[Bug]: An error occurs when the streaming_video_client.py is executed after the helios streaming video generation service is deployed.,https://github.com/vllm-project/vllm-omni/issues/6057,open,"bug, low priority",,2026-08-11T12:17:03Z,2026-08-17T03:56:43Z,2026-08-22T15:40:41+00:00,,,unlinked,,,,,new,,
diffusion_image_video,6226,[RFC] Session-Affinity Routing for Multi-Replica Real-Time AR-Diffusion,https://github.com/vllm-project/vllm-omni/issues/6226,open,,,2026-08-15T21:21:52Z,2026-08-15T21:30:52Z,2026-08-22T15:40:41+00:00,,,linked_partial,,,,,new,,
diffusion_image_video,6239,[RFC]: Production Use Cases for Diffusion LoRA Serving,https://github.com/vllm-project/vllm-omni/issues/6239,open,"diffusion, RFC",,2026-08-16T14:23:58Z,2026-08-16T14:45:40Z,2026-08-22T15:40:41+00:00,,,unlinked,,,,,new,,
diffusion_image_video,6246,[RFC][Diffusion] Build on #4238: Fast-Ulysses-style SymmMem Transport for Low-Latency Long Video,https://github.com/vllm-project/vllm-omni/issues/6246,open,,,2026-08-17T01:59:24Z,2026-08-17T01:59:24Z,2026-08-22T15:40:41+00:00,,,linked_partial,,,,,new,,
diffusion_image_video,6254,"[Bug]: weekly ci, tests/e2e/online_serving/test_flux_kontext_expansion.py, run lead to OOM",https://github.com/vllm-project/vllm-omni/issues/6254,open,"bug, ci-failure, low priority",,2026-08-17T02:46:35Z,2026-08-17T02:46:35Z,2026-08-22T15:40:41+00:00,,,unlinked,,,,,new,,
diffusion_image_video,6265,[RFC]: Runtime Weight Synchronization HTTP API for Qwen3-Image,https://github.com/vllm-project/vllm-omni/issues/6265,open,RFC,,2026-08-17T06:41:16Z,2026-08-17T06:42:40Z,2026-08-22T15:40:41+00:00,,,unlinked,,,,,new,,
diffusion_image_video,6269,[RFC]: Custom Scheduler Injection for Diffusion Pipelines,https://github.com/vllm-project/vllm-omni/issues/6269,open,RFC,,2026-08-17T07:39:03Z,2026-08-17T07:42:46Z,2026-08-22T15:40:41+00:00,,,unlinked,,,,,new,,
diffusion_image_video,6295,"[Bug][B200]: CI, test_minimax_h3_i2va_matches_official_reference, cannot resolve cdn.hailuoai.com",https://github.com/vllm-project/vllm-omni/issues/6295,open,"bug, ci-failure, diffusion, low priority, CI/CD",,2026-08-18T01:58:40Z,2026-08-18T02:14:23Z,2026-08-22T15:40:41+00:00,,,unlinked,,,,,new,,
diffusion_image_video,6302,"[RFC]: Dynamic, Contract-Aware Request Routing for Multi-Output Inference",https://github.com/vllm-project/vllm-omni/issues/6302,open,,,2026-08-18T05:18:07Z,2026-08-18T05:18:07Z,2026-08-22T15:40:41+00:00,,,linked_partial,,,,,new,,
diffusion_image_video,6305,[RFC]: Diffusion Operator Boundary,https://github.com/vllm-project/vllm-omni/issues/6305,open,RFC,,2026-08-18T07:42:05Z,2026-08-19T02:47:29Z,2026-08-22T15:40:41+00:00,,,unlinked,,,,,new,,
diffusion_image_video,6321,[RFC] Deployment-selectable component stages for diffusion pipelines,https://github.com/vllm-project/vllm-omni/issues/6321,open,"high priority, diffusion, core, omni, RFC",,2026-08-18T13:33:32Z,2026-08-18T13:33:32Z,2026-08-22T15:40:41+00:00,,,unlinked,,,,,new,,
diffusion_image_video,6324,"[RFC]: Immutable, Cached Solver Plans for Diffusion Schedulers",https://github.com/vllm-project/vllm-omni/issues/6324,open,,,2026-08-18T14:09:04Z,2026-08-18T14:11:39Z,2026-08-22T15:40:41+00:00,,,unlinked,,,,,new,,
diffusion_image_video,6389,[RFC]: Standalone Stage Mode for vllm-omni,https://github.com/vllm-project/vllm-omni/issues/6389,open,"enhancement, RFC",,2026-08-19T19:32:39Z,2026-08-20T21:15:53Z,2026-08-22T15:40:41+00:00,,,unlinked,,,,,new,,
diffusion_image_video,6411,[Bug]: HunyuanImage-3 DiT LoRA lookup misses model.layers and mishandles fused QKV layout,https://github.com/vllm-project/vllm-omni/issues/6411,open,,,2026-08-20T13:00:19Z,2026-08-20T13:01:45Z,2026-08-22T15:40:41+00:00,,,unlinked,,,,,new,,
disaggregated_transfer_memory,3426,[RFC]: Mooncake Transfer Engine Connector : Performance Profiling & Optimization,https://github.com/vllm-project/vllm-omni/issues/3426,open,,,2026-05-07T19:19:02Z,2026-06-07T15:39:49Z,2026-08-22T15:40:41+00:00,,,linked_partial,,,,,new,,
disaggregated_transfer_memory,6160,[RFC]: NIXL-backed omni connector for cross-node disaggregated stage transfer,https://github.com/vllm-project/vllm-omni/issues/6160,open,,,2026-08-13T09:53:56Z,2026-08-13T09:53:56Z,2026-08-22T15:40:41+00:00,,,linked_partial,,,,,new,,
disaggregated_transfer_memory,6195,[RFC]: Decouple DLO host-weight storage from DP request scheduling,https://github.com/vllm-project/vllm-omni/issues/6195,open,RFC,,2026-08-14T06:27:12Z,2026-08-16T03:08:34Z,2026-08-22T15:40:41+00:00,,,linked_partial,,,,,new,,
disaggregated_transfer_memory,6231,[RFC]: Define DLO runtime-cache compatibility across parallelism dimensions,https://github.com/vllm-project/vllm-omni/issues/6231,open,RFC,,2026-08-16T03:16:42Z,2026-08-19T04:40:06Z,2026-08-22T15:40:41+00:00,,,linked_partial,,,,,new,,
disaggregated_transfer_memory,6462,[Bug]: Host-memory leak in api_server frontend on aborted /v1/images/generations (diffusion) requests,https://github.com/vllm-project/vllm-omni/issues/6462,open,bug,,2026-08-21T15:43:57Z,2026-08-21T19:56:55Z,2026-08-22T15:40:41+00:00,,,unlinked,,,,,new,,
docs_devex_release,1013,[Installation]: LGPL license in dependencies,https://github.com/vllm-project/vllm-omni/issues/1013,open,,,2026-01-28T08:36:31Z,2026-03-16T09:30:58Z,2026-08-22T15:40:41+00:00,,,unlinked,,,,,new,,
docs_devex_release,1056,[RFC-Doc]: Add Quantization Documentation for Diffusion Models,https://github.com/vllm-project/vllm-omni/issues/1056,open,,,2026-01-29T04:54:58Z,2026-03-17T16:49:58Z,2026-08-22T15:40:41+00:00,,,linked_partial,,,,,new,,
docs_devex_release,2988,[Installation]: vllm does not comes with CUDA 13 but 12,https://github.com/vllm-project/vllm-omni/issues/2988,open,,,2026-04-21T10:42:57Z,2026-04-21T10:43:48Z,2026-08-22T15:40:41+00:00,,,unlinked,,,,,new,,
docs_devex_release,3434,[Feature]: Could you please provide the Docker image for version v0.20.0?,https://github.com/vllm-project/vllm-omni/issues/3434,open,,,2026-05-08T01:15:34Z,2026-05-08T06:00:49Z,2026-08-22T15:40:41+00:00,,,unlinked,,,,,new,,
docs_devex_release,3522,"[Feature]: Adopt README internationalisation under docs/i18n/ (zh-CN, fr, ja initial set)",https://github.com/vllm-project/vllm-omni/issues/3522,open,,,2026-05-11T17:17:00Z,2026-05-14T08:37:48Z,2026-08-22T15:40:41+00:00,,,unlinked,,,,,new,,
docs_devex_release,6066,[New Model]: LTX-2.5,https://github.com/vllm-project/vllm-omni/issues/6066,open,new model,,2026-08-11T15:28:48Z,2026-08-11T15:29:05Z,2026-08-22T15:40:41+00:00,,,unlinked,,,,,new,,
docs_devex_release,6139,[Feature]: support convrot for minimax h3,https://github.com/vllm-project/vllm-omni/issues/6139,open,,,2026-08-13T02:57:30Z,2026-08-13T02:57:30Z,2026-08-22T15:40:41+00:00,,,unlinked,,,,,new,,
lora_adapters,6256,[Feature]: Unify text_to_image.py / image_edit.py into a shared x_to_image.py (mirroring x_to_text.py),https://github.com/vllm-project/vllm-omni/issues/6256,open,,,2026-08-17T03:21:13Z,2026-08-17T09:32:58Z,2026-08-22T15:40:41+00:00,,,unlinked,,,,,new,,
metrics_observability,3921,"[Feature]: Kanban chart: Add all history, version filter, and custom date range",https://github.com/vllm-project/vllm-omni/issues/3921,open,,,2026-05-28T03:07:47Z,2026-05-28T06:25:44Z,2026-08-22T15:40:41+00:00,,,unlinked,,,,,new,,
metrics_observability,5932,[RFC]: Dynamic Task-DiT Residency for Unified MiniMax-H3 Serving,https://github.com/vllm-project/vllm-omni/issues/5932,open,RFC,,2026-08-08T23:17:50Z,2026-08-09T01:20:07Z,2026-08-22T15:40:41+00:00,,,linked_partial,,,,,new,,
metrics_observability,6328,[RFC]:  vLLM-Omni KV hash & prefix cache,https://github.com/vllm-project/vllm-omni/issues/6328,open,RFC,,2026-08-18T15:11:23Z,2026-08-18T15:13:25Z,2026-08-22T15:40:41+00:00,,,linked_partial,,,,,new,,
metrics_observability,6414,[RFC] Introduce a Host Weight Runtime for reusable runtime-ready artifacts,https://github.com/vllm-project/vllm-omni/issues/6414,open,"enhancement, high priority, RFC",,2026-08-20T15:28:55Z,2026-08-22T14:14:17Z,2026-08-22T15:40:41+00:00,,,linked_partial,,,,,new,,
new_model_requests,1681,[Feature]: do we support  jina-embeddings-v4 for multimodal embedding,https://github.com/vllm-project/vllm-omni/issues/1681,open,,,2026-03-05T08:12:28Z,2026-03-05T11:12:02Z,2026-08-22T15:40:41+00:00,,,unlinked,,,,,new,,
new_model_requests,2591,[New Model]: happyhorse-1,https://github.com/vllm-project/vllm-omni/issues/2591,open,new model,,2026-04-08T10:55:14Z,2026-04-08T10:55:47Z,2026-08-22T15:40:41+00:00,,,unlinked,,,,,new,,
new_model_requests,4135,[New Model]: JoyAI-Echo,https://github.com/vllm-project/vllm-omni/issues/4135,open,new model,,2026-06-04T06:32:25Z,2026-07-01T09:40:38Z,2026-08-22T15:40:41+00:00,,,unlinked,,,,,new,,
new_model_requests,6197,MiniMax-H3模型 32G Atlas 800I A2拉起失败,https://github.com/vllm-project/vllm-omni/issues/6197,open,new model,,2026-08-14T06:35:41Z,2026-08-17T00:39:23Z,2026-08-22T15:40:41+00:00,,,unlinked,,,,,new,,
orchestrator_engine_pipeline,663,[RFC]: Do we support parallel stage execution?,https://github.com/vllm-project/vllm-omni/issues/663,open,,,2026-01-06T06:11:31Z,2026-01-08T02:45:22Z,2026-08-22T15:40:41+00:00,,,linked_partial,,,,,new,,
orchestrator_engine_pipeline,3481,[RFC]: Refactor engine layer to reduce Orchestrator complexity and improve maintainability,https://github.com/vllm-project/vllm-omni/issues/3481,open,high priority,,2026-05-10T15:53:22Z,2026-05-10T15:54:09Z,2026-08-22T15:40:41+00:00,,,unlinked,,,,,new,,
orchestrator_engine_pipeline,3735,[RFC]: Model-Aware Argument Default Resolution,https://github.com/vllm-project/vllm-omni/issues/3735,open,,,2026-05-19T09:02:34Z,2026-05-22T08:51:49Z,2026-08-22T15:40:41+00:00,,,unlinked,,,,,new,,
orchestrator_engine_pipeline,4066,[RFC] Coordinator-safe sleep/wake (no GPU init in AsyncOmni entrypoint process),https://github.com/vllm-project/vllm-omni/issues/4066,open,,,2026-06-02T04:33:06Z,2026-06-02T04:34:11Z,2026-08-22T15:40:41+00:00,,,linked_partial,,,,,new,,
orchestrator_engine_pipeline,4108,[RFC]: Sharing Stages Between Pipelines,https://github.com/vllm-project/vllm-omni/issues/4108,open,,,2026-06-03T15:04:32Z,2026-06-04T13:17:48Z,2026-08-22T15:40:41+00:00,,,linked_partial,,,,,new,,
orchestrator_engine_pipeline,4151,[RFC]: Connector Port List Selection for Parallel Worker Endpoints,https://github.com/vllm-project/vllm-omni/issues/4151,open,,,2026-06-04T12:45:29Z,2026-06-15T06:37:11Z,2026-08-22T15:40:41+00:00,,,unlinked,,,,,new,,
orchestrator_engine_pipeline,4332,[RFC]: Parallel stage launch to reduce cold start time for scaling [single GPU multiple stages],https://github.com/vllm-project/vllm-omni/issues/4332,open,,,2026-06-11T01:09:14Z,2026-06-11T11:50:12Z,2026-08-22T15:40:41+00:00,,,linked_partial,,,,,new,,
orchestrator_engine_pipeline,4497,"[RFC]: World Models Memory Semantics (WMMS) layer — proposal + open discussion (under #1987, over #4480 + #4366)",https://github.com/vllm-project/vllm-omni/issues/4497,open,world model,,2026-06-17T00:14:47Z,2026-06-26T14:57:46Z,2026-08-22T15:40:41+00:00,,,linked_partial,,,,,new,,
orchestrator_engine_pipeline,5101,[RFC]: Parallel stage initialization for vLLM-Omni (ModelRunner Refactor 1/N),https://github.com/vllm-project/vllm-omni/issues/5101,open,RFC,,2026-07-14T08:36:55Z,2026-07-14T10:01:29Z,2026-08-22T15:40:41+00:00,,,linked_partial,,,,,new,,
orchestrator_engine_pipeline,5279,[RFC]: Refactor vLLM-Omni AR & Generation Scheduler,https://github.com/vllm-project/vllm-omni/issues/5279,open,RFC,,2026-07-21T12:42:17Z,2026-07-21T12:42:17Z,2026-08-22T15:40:41+00:00,,,linked_partial,,,,,new,,
orchestrator_engine_pipeline,5570,[RFC]: Align vLLM-Omni error handling with vLLM,https://github.com/vllm-project/vllm-omni/issues/5570,open,"help wanted, RFC",,2026-07-30T00:03:20Z,2026-07-30T05:45:08Z,2026-08-22T15:40:41+00:00,,,unlinked,,,,,new,,
orchestrator_engine_pipeline,5800,"[Bug]: AsyncOmni sleep/wake bypass EngineCore scheduler, causing CUDA crash",https://github.com/vllm-project/vllm-omni/issues/5800,open,"bug, low priority",,2026-08-05T07:50:46Z,2026-08-06T02:17:18Z,2026-08-22T15:40:41+00:00,,,unlinked,,,,,new,,
orchestrator_engine_pipeline,5805,[WIP][RFC]: Common execution framework for Full-duplex,https://github.com/vllm-project/vllm-omni/issues/5805,open,RFC,,2026-08-05T10:15:33Z,2026-08-05T10:15:33Z,2026-08-22T15:40:41+00:00,,,unlinked,,,,,new,,
orchestrator_engine_pipeline,5924,`queue_wait_ms` does not reflect actual queueing on serialized (non-batching) models,https://github.com/vllm-project/vllm-omni/issues/5924,open,,,2026-08-08T17:03:15Z,2026-08-08T17:03:15Z,2026-08-22T15:40:41+00:00,,,unlinked,,,,,new,,
orchestrator_engine_pipeline,5936,v0.26.0 image ships without `cosmos-guardrail`; default guardrails-on serve of Cosmos3-Super fails at init with a misleading license-compliance error,https://github.com/vllm-project/vllm-omni/issues/5936,open,,,2026-08-09T03:08:02Z,2026-08-12T12:30:06Z,2026-08-22T15:40:41+00:00,,,unlinked,,,,,new,,
orchestrator_engine_pipeline,6218,[Feature]: Allow any kind of single-stage model to have multi-modal outputs,https://github.com/vllm-project/vllm-omni/issues/6218,open,RFC,,2026-08-15T14:44:50Z,2026-08-16T11:38:27Z,2026-08-22T15:40:41+00:00,,,unlinked,,,,,new,,
orchestrator_engine_pipeline,6227,[RFC] Real-Time Stateful Video Generation Serving Runtime,https://github.com/vllm-project/vllm-omni/issues/6227,open,,,2026-08-15T21:30:37Z,2026-08-21T10:42:15Z,2026-08-22T15:40:41+00:00,,,linked_partial,,,,,new,,
orchestrator_engine_pipeline,6238,[RFC]: Dependency-Aware State Reuse for Diffusion and Multi-Stage Omni Pipelines,https://github.com/vllm-project/vllm-omni/issues/6238,open,RFC,,2026-08-16T14:10:46Z,2026-08-16T14:10:46Z,2026-08-22T15:40:41+00:00,,,unlinked,,,,,new,,
orchestrator_engine_pipeline,6271,[RFC]: Serve OpenVLA-7B as an autoregressive robot policy,https://github.com/vllm-project/vllm-omni/issues/6271,open,RFC,,2026-08-17T08:42:44Z,2026-08-17T16:35:02Z,2026-08-22T15:40:41+00:00,,,linked_partial,,,,,new,,
orchestrator_engine_pipeline,6370,[Bug]: An OOM issue occurs during the weight creation phase when deploying HunyuanImage-3.0.,https://github.com/vllm-project/vllm-omni/issues/6370,open,bug,,2026-08-19T09:59:31Z,2026-08-20T00:53:50Z,2026-08-22T15:40:41+00:00,,,unlinked,,,,,new,,
other_general,56,[RFC]: Upstream model implementations,https://github.com/vllm-project/vllm-omni/issues/56,open,,,2025-11-11T06:10:21Z,2025-11-18T04:37:39Z,2026-08-22T15:40:41+00:00,,,linked_partial,,,,,new,,
other_general,164,[RFC]: Future adaptation and evolution of Omni or other multimodal/full-modal models,https://github.com/vllm-project/vllm-omni/issues/164,open,,,2025-12-02T09:11:56Z,2026-02-22T02:12:46Z,2026-08-22T15:40:41+00:00,,,linked_partial,,,,,new,,
other_general,398,[RFC]: Extend torch.compile support for different backends,https://github.com/vllm-project/vllm-omni/issues/398,open,,,2025-12-22T04:16:47Z,2025-12-24T23:29:25Z,2026-08-22T15:40:41+00:00,,,linked_partial,,,,,new,,
other_general,622,[RFC]: Optimizing the naming strategy for current AR modules,https://github.com/vllm-project/vllm-omni/issues/622,open,,,2026-01-05T02:57:32Z,2026-02-22T01:17:59Z,2026-08-22T15:40:41+00:00,,,linked_partial,,,,,new,,
other_general,681,[RFC]: How to support encoder-decoder model in vllm-omni,https://github.com/vllm-project/vllm-omni/issues/681,open,,,2026-01-07T06:55:05Z,2026-01-12T12:18:43Z,2026-08-22T15:40:41+00:00,,,linked_partial,,,,,new,,
other_general,706,[RFC]: Support mixture runner type for different stages.,https://github.com/vllm-project/vllm-omni/issues/706,open,,,2026-01-08T13:23:14Z,2026-01-13T08:49:14Z,2026-08-22T15:40:41+00:00,,,unlinked,,,,,new,,
other_general,831,[RFC]: Support circular dependencies between stages,https://github.com/vllm-project/vllm-omni/issues/831,open,enhancement,,2026-01-18T09:04:21Z,2026-01-19T05:59:53Z,2026-08-22T15:40:41+00:00,,,linked_partial,,,,,new,,
other_general,1297,[RFC]: Error code returned when receiving chunks times out,https://github.com/vllm-project/vllm-omni/issues/1297,open,,,2026-02-10T05:01:26Z,2026-02-13T02:08:45Z,2026-08-22T15:40:41+00:00,,,linked_partial,,,,,new,,
other_general,1302,[Feature]: Refactor of Sampling Params Override Mechanism,https://github.com/vllm-project/vllm-omni/issues/1302,open,,,2026-02-10T08:36:27Z,2026-02-10T08:36:27Z,2026-08-22T15:40:41+00:00,,,unlinked,,,,,new,,
other_general,1696,[RFC]: Enhancing Security Robustness in Dynamic Backend Selection and Distributed Coordination,https://github.com/vllm-project/vllm-omni/issues/1696,open,,,2026-03-06T04:08:18Z,2026-03-12T02:31:04Z,2026-08-22T15:40:41+00:00,,,linked_partial,,,,,new,,
other_general,1943,Tracking: complete SHM lifecycle cleanup for abort/timeout/orphan flows,https://github.com/vllm-project/vllm-omni/issues/1943,open,,,2026-03-17T03:50:18Z,2026-03-17T03:50:18Z,2026-08-22T15:40:41+00:00,,,unlinked,,,,,new,,
other_general,2366,[RFC]: L5 Reliability Test,https://github.com/vllm-project/vllm-omni/issues/2366,open,,,2026-03-31T08:54:58Z,2026-06-08T06:49:50Z,2026-08-22T15:40:41+00:00,,,unlinked,,,,,new,,
other_general,2403,[RFC]: Diffusers Backend Integration for Extended Model Coverage,https://github.com/vllm-project/vllm-omni/issues/2403,open,,,2026-04-01T04:15:47Z,2026-07-17T06:42:55Z,2026-08-22T15:40:41+00:00,,,unlinked,,,,,new,,
other_general,2957,[RFC]: Stabilize the lora_path contract and expose a lora_loader seam in DiffusionLoRAManager,https://github.com/vllm-project/vllm-omni/issues/2957,open,,,2026-04-20T15:24:34Z,2026-04-22T02:42:04Z,2026-08-22T15:40:41+00:00,,,linked_partial,,,,,new,,
other_general,3231,[RFC]: AI-driven MiniCPM-o 4.5 contribution (parallel to   #1182) — guidance and review on contribution-readiness,https://github.com/vllm-project/vllm-omni/issues/3231,open,,,2026-04-29T00:44:57Z,2026-04-29T02:20:35Z,2026-08-22T15:40:41+00:00,,,unlinked,,,,,new,,
other_general,3413,[Feature]: index-tts的支持,https://github.com/vllm-project/vllm-omni/issues/3413,open,,,2026-05-07T10:29:58Z,2026-06-26T13:23:10Z,2026-08-22T15:40:41+00:00,,,unlinked,,,,,new,,
performance_latency,2468,[RFC]: Optimize the HY-Video1.5 performance,https://github.com/vllm-project/vllm-omni/issues/2468,open,,,2026-04-03T07:21:20Z,2026-04-27T11:32:24Z,2026-08-22T15:40:41+00:00,,,unlinked,,,,,new,,
performance_latency,3874,[Performance]: VoxCPM2 throughput degrades at higher concurrency,https://github.com/vllm-project/vllm-omni/issues/3874,open,,,2026-05-26T09:15:23Z,2026-05-30T05:00:11Z,2026-08-22T15:40:41+00:00,,,unlinked,,,,,new,,
performance_latency,6237,[RFC]: DTPS (DiT-load-aware Type-Priority Scheduling) for AR+DiT Unified Multimodal Comprehension/Generation Serving,https://github.com/vllm-project/vllm-omni/issues/6237,open,RFC,,2026-08-16T13:54:31Z,2026-08-16T14:36:13Z,2026-08-22T15:40:41+00:00,,,linked_partial,,,,,new,,
quantization,2146,[RFC]: Weight key remapping interface for quantization backends with non-standard checkpoint naming,https://github.com/vllm-project/vllm-omni/issues/2146,open,,,2026-03-24T17:55:10Z,2026-03-24T17:56:54Z,2026-08-22T15:40:41+00:00,,,unlinked,,,,,new,,
quantization,2215,[RFC]: TurboQuant — Sub-4-bit KV Cache Quantization for Long-Context Omni Models,https://github.com/vllm-project/vllm-omni/issues/2215,open,enhancement,,2026-03-26T06:17:09Z,2026-04-05T01:40:49Z,2026-08-22T15:40:41+00:00,,,linked_partial,,,,,new,,
quantization,3505,[Feature]: Hybrid attention schedule for quantized attention backends,https://github.com/vllm-project/vllm-omni/issues/3505,open,,,2026-05-11T12:09:47Z,2026-05-18T07:08:10Z,2026-08-22T15:40:41+00:00,,,unlinked,,,,,new,,
quantization,5950,[RFC][Draft]: Native Step Execution and Performance Optimization for Omni-Diffusion,https://github.com/vllm-project/vllm-omni/issues/5950,open,,,2026-08-09T16:41:56Z,2026-08-10T03:02:14Z,2026-08-22T15:40:41+00:00,,,unlinked,,,,,new,,
quantization,6330,[RFC] Quantization-aware checkpoint mmap for DLO AllGather online FP8,https://github.com/vllm-project/vllm-omni/issues/6330,open,"diffusion, quantization, RFC",,2026-08-18T15:50:50Z,2026-08-18T22:44:12Z,2026-08-22T15:40:41+00:00,,,linked_partial,,,,,new,,
qwen3_omni,696,[RFC]: Qwen3-omni performance analyze,https://github.com/vllm-project/vllm-omni/issues/696,open,,,2026-01-08T06:46:41Z,2026-01-12T01:26:57Z,2026-08-22T15:40:41+00:00,,,linked_partial,,,,,new,,
qwen3_omni,1016,[RFC]: Add async chunk processing test cases for Qwen3-Omni-30B-A3B-Instruct,https://github.com/vllm-project/vllm-omni/issues/1016,open,,,2026-01-28T08:41:55Z,2026-01-29T02:42:26Z,2026-08-22T15:40:41+00:00,,,linked_partial,,,,,new,,
qwen3_omni,2699,[Feature]: qwen3-omni lora serve,https://github.com/vllm-project/vllm-omni/issues/2699,open,,,2026-04-11T14:51:14Z,2026-04-11T18:37:18Z,2026-08-22T15:40:41+00:00,,,unlinked,,,,,new,,
qwen3_omni,3449,[Feature]: The streaming input for Qwen3-Omni should support system prompts and conversation history,https://github.com/vllm-project/vllm-omni/issues/3449,open,,,2026-05-08T09:39:53Z,2026-05-11T03:17:32Z,2026-08-22T15:40:41+00:00,,,unlinked,,,,,new,,
qwen3_omni,3509,[RFC]: Async D2H + Stage Pipeline Async Transfer for Qwen3-Omni,https://github.com/vllm-project/vllm-omni/issues/3509,open,,,2026-05-11T13:28:48Z,2026-06-12T11:00:12Z,2026-08-22T15:40:41+00:00,,,unlinked,,,,,new,,
qwen3_omni,4084,[RFC]: Composable Parallel Strategies for vLLM-Omni,https://github.com/vllm-project/vllm-omni/issues/4084,open,"high priority, diffusion",,2026-06-03T01:12:54Z,2026-07-10T16:07:50Z,2026-08-22T15:40:41+00:00,,,unlinked,,,,,new,,
qwen3_omni,5179,[RFC]: Full Duplex /v1/realtime for Omni Models,https://github.com/vllm-project/vllm-omni/issues/5179,open,RFC,,2026-07-17T20:57:05Z,2026-07-17T20:57:05Z,2026-08-22T15:40:41+00:00,,,unlinked,,,,,new,,
qwen3_omni,5211,[RFC]: Placement-aware inter-stage transport — stop bouncing through host when stages share a GPU (status of #2379/#2507/#4147/#4476; prior art in sglang-omni & mstar),https://github.com/vllm-project/vllm-omni/issues/5211,open,,,2026-07-20T03:18:56Z,2026-07-20T03:30:42Z,2026-08-22T15:40:41+00:00,,,unlinked,,,,,new,,
qwen3_omni,5652,[Bug]: AutoRound W4A16 E2E load fails for Qwen2.5/Qwen3-Omni: qweight vs RowParallelLinear.weight,https://github.com/vllm-project/vllm-omni/issues/5652,open,"bug, quantization, low priority",,2026-07-31T09:31:09Z,2026-08-02T23:54:27Z,2026-08-22T15:40:41+00:00,,,unlinked,,,,,new,,
qwen3_omni,5767,[New Model]: nvidia/NVIDIA-NemotronLabs-VoiceChat-11B,https://github.com/vllm-project/vllm-omni/issues/5767,open,,,2026-08-04T09:58:33Z,2026-08-06T06:10:24Z,2026-08-22T15:40:41+00:00,,,unlinked,,,,,new,,
qwen3_omni,6142,[Doc]: Reorganize and complete the CLI reference,https://github.com/vllm-project/vllm-omni/issues/6142,open,documentation,,2026-08-13T03:19:45Z,2026-08-15T07:24:35Z,2026-08-22T15:40:41+00:00,,,unlinked,,,,,new,,
robotics_world_models,3554,[RFC]: Robotics Evaluation Interface Integrations,https://github.com/vllm-project/vllm-omni/issues/3554,open,,,2026-05-12T16:00:58Z,2026-08-10T09:17:37Z,2026-08-22T15:40:41+00:00,,,linked_partial,,,,,new,,
robotics_world_models,5822,[RFC]: Modular Diffusers adapter with per-step execution via greenlet,https://github.com/vllm-project/vllm-omni/issues/5822,open,RFC,,2026-08-05T18:10:37Z,2026-08-19T09:22:26Z,2026-08-22T15:40:41+00:00,,,unlinked,,,,,new,,
robotics_world_models,6069,[RFC]: Robot Policy Serving Contract for VLA Models,https://github.com/vllm-project/vllm-omni/issues/6069,open,RFC,,2026-08-11T17:36:35Z,2026-08-12T00:27:13Z,2026-08-22T15:40:41+00:00,,,unlinked,,,,,new,,
serving_api_entrypoints,988,[RFC]: Support Scalable Frontend: Implementing --api-server-count for Multimodal Throughput,https://github.com/vllm-project/vllm-omni/issues/988,open,,,2026-01-27T14:07:47Z,2026-01-28T02:39:17Z,2026-08-22T15:40:41+00:00,,,linked_partial,,,,,new,,
serving_api_entrypoints,2392,[RFC]: Unified failure semantics and request isolation for async generation,https://github.com/vllm-project/vllm-omni/issues/2392,open,,,2026-04-01T02:22:39Z,2026-05-17T17:00:54Z,2026-08-22T15:40:41+00:00,,,unlinked,,,,,new,,
serving_api_entrypoints,2841,[Feature]: Need online serving stream example for cosyvoice3,https://github.com/vllm-project/vllm-omni/issues/2841,open,,,2026-04-16T07:46:42Z,2026-05-18T02:56:45Z,2026-08-22T15:40:41+00:00,,,unlinked,,,,,new,,
serving_api_entrypoints,3251,[Feature]: Make CosyVoice3 bi-streaming with text-in streaming support,https://github.com/vllm-project/vllm-omni/issues/3251,open,,,2026-04-29T13:03:20Z,2026-07-24T03:52:22Z,2026-08-22T15:40:41+00:00,,,unlinked,,,,,new,,
serving_api_entrypoints,3408,[RFC]: Entrypoints HTTP Layer Abnormal Input Testing,https://github.com/vllm-project/vllm-omni/issues/3408,open,,,2026-05-07T07:51:49Z,2026-05-07T07:51:49Z,2026-08-22T15:40:41+00:00,,,unlinked,,,,,new,,
serving_api_entrypoints,3993,[Feature]: Does BAGEL online serving support batched inference?,https://github.com/vllm-project/vllm-omni/issues/3993,open,,,2026-05-29T16:34:59Z,2026-05-29T17:46:14Z,2026-08-22T15:40:41+00:00,,,unlinked,,,,,new,,
serving_api_entrypoints,4111,[RFC]: Remove `--omni` flag from `vllm-omni` command,https://github.com/vllm-project/vllm-omni/issues/4111,open,,,2026-06-03T18:51:04Z,2026-06-04T16:41:02Z,2026-08-22T15:40:41+00:00,,,unlinked,,,,,new,,
serving_api_entrypoints,4305,[RFC]: Add Rust Frontend support like upstream and even for extended entrypoints,https://github.com/vllm-project/vllm-omni/issues/4305,open,,,2026-06-10T03:09:45Z,2026-06-10T03:09:45Z,2026-08-22T15:40:41+00:00,,,unlinked,,,,,new,,
serving_api_entrypoints,5316,[Doc]: WebSocket streaming: Is inference only triggered at sentence boundaries?,https://github.com/vllm-project/vllm-omni/issues/5316,open,documentation,,2026-07-22T09:00:51Z,2026-07-22T09:25:31Z,2026-08-22T15:40:41+00:00,,,unlinked,,,,,new,,
serving_api_entrypoints,5799,The parameter dlo-resident-layer is not supported.,https://github.com/vllm-project/vllm-omni/issues/5799,open,,,2026-08-05T07:14:20Z,2026-08-08T13:46:13Z,2026-08-22T15:40:41+00:00,,,unlinked,,,,,new,,
serving_api_entrypoints,6466,[Feature]: Gaudi HPU backend for PersonaPlex full-duplex serving,https://github.com/vllm-project/vllm-omni/issues/6466,open,,,2026-08-21T18:30:39Z,2026-08-22T04:43:36Z,2026-08-22T15:40:41+00:00,,,unlinked,,,,,new,,
serving_api_entrypoints,6472,[RFC]: Request-scoped stream-edge first-event telemetry,https://github.com/vllm-project/vllm-omni/issues/6472,open,,,2026-08-22T02:55:32Z,2026-08-22T02:56:26Z,2026-08-22T15:40:41+00:00,,,unlinked,,,,,new,,
tts_audio_voice,545,[RFC]: Does the official team of vllm-omni plan to support the integration of the index-tts model?,https://github.com/vllm-project/vllm-omni/issues/545,open,,,2025-12-30T09:52:51Z,2026-02-22T01:17:57Z,2026-08-22T15:40:41+00:00,,,linked_partial,,,,,new,,
tts_audio_voice,2462,[New Model]: LongCat-AudioDiT (Meituan) — Waveform Latent Space Diffusion TTS,https://github.com/vllm-project/vllm-omni/issues/2462,open,"help wanted, good first issue, new model, tts",,2026-04-02T20:01:59Z,2026-07-02T21:49:06Z,2026-08-22T15:40:41+00:00,,,unlinked,,,,,new,,
tts_audio_voice,2773,[Performance]:The Real Time Factor and Time to First Packet is too hight when testing the Qwen3-TTS,https://github.com/vllm-project/vllm-omni/issues/2773,open,,,2026-04-14T06:49:58Z,2026-04-15T03:41:42Z,2026-08-22T15:40:41+00:00,,,unlinked,,,,,new,,
tts_audio_voice,2821,[RFC]: Enable Qwen3-Omni on /v1/audio/speech via assistant-prefill,https://github.com/vllm-project/vllm-omni/issues/2821,open,,,2026-04-15T09:33:39Z,2026-04-16T07:16:28Z,2026-08-22T15:40:41+00:00,,,unlinked,,,,,new,,
tts_audio_voice,3073,[Feature]: OmniVoice Voice Cloning + Voice Caching in `/v1/audio/speech`,https://github.com/vllm-project/vllm-omni/issues/3073,open,,,2026-04-23T14:37:53Z,2026-04-30T18:09:49Z,2026-08-22T15:40:41+00:00,,,unlinked,,,,,new,,
tts_audio_voice,3527,[Feature]: Voice cloning for OmniVoice online serving,https://github.com/vllm-project/vllm-omni/issues/3527,open,,,2026-05-12T01:14:48Z,2026-05-12T01:15:42Z,2026-08-22T15:40:41+00:00,,,unlinked,,,,,new,,
tts_audio_voice,4295,[New Model]: Spark-TTS-0.5B,https://github.com/vllm-project/vllm-omni/issues/4295,open,,,2026-06-09T12:17:02Z,2026-06-10T17:41:30Z,2026-08-22T15:40:41+00:00,,,unlinked,,,,,new,,
tts_audio_voice,4316,[RFC]:  MOSS-TTS Stage-1 Multi-Request Batch Codec,https://github.com/vllm-project/vllm-omni/issues/4316,open,,,2026-06-10T09:34:47Z,2026-06-14T11:16:59Z,2026-08-22T15:40:41+00:00,,,unlinked,,,,,new,,
tts_audio_voice,4536,"[Bug]: In versions after 0.19.0, using ref and ref_text to clone audio will result in very long static noise",https://github.com/vllm-project/vllm-omni/issues/4536,open,"bug, low priority",,2026-06-18T09:13:21Z,2026-08-04T12:24:07Z,2026-08-22T15:40:41+00:00,,,unlinked,,,,,new,,
tts_audio_voice,4612,[RFC]: Server-side default behavior for `/v1/audio/speech` streaming format,https://github.com/vllm-project/vllm-omni/issues/4612,open,RFC,,2026-06-22T06:42:56Z,2026-07-02T06:48:14Z,2026-08-22T15:40:41+00:00,,,unlinked,,,,,new,,
tts_audio_voice,4924,[RFC]: Runner-Owned CUDA Graphs for TTS Vocoder and Code2Wav Stages,https://github.com/vllm-project/vllm-omni/issues/4924,open,RFC,,2026-07-06T12:42:12Z,2026-07-07T03:40:27Z,2026-08-22T15:40:41+00:00,,,unlinked,,,,,new,,
tts_audio_voice,5089,[Feature]: MOSS-TTS-Realtime support and true streaming path in vLLM-Omni,https://github.com/vllm-project/vllm-omni/issues/5089,open,,,2026-07-13T17:12:19Z,2026-07-13T17:12:19Z,2026-08-22T15:40:41+00:00,,,unlinked,,,,,new,,
tts_audio_voice,5286,[RFC]: Native Multi-Stage JoyAI-VL-Interaction Pipeline with Per-Edge Streaming,https://github.com/vllm-project/vllm-omni/issues/5286,open,RFC,,2026-07-21T14:18:11Z,2026-07-23T18:45:27Z,2026-08-22T15:40:41+00:00,,,linked_partial,,,,,new,,
tts_audio_voice,5362,[Performance]: How should gpu_memory_utilization be split between Talker and Code2Wav for Qwen3-TTS?,https://github.com/vllm-project/vllm-omni/issues/5362,open,RFC,,2026-07-23T19:58:40Z,2026-07-24T00:55:22Z,2026-08-22T15:40:41+00:00,,,unlinked,,,,,new,,
tts_audio_voice,5404,[Feature][CI] Add a Seed-TTS WER regression gate for MiniCPM-o 4.5,https://github.com/vllm-project/vllm-omni/issues/5404,open,,,2026-07-25T09:39:38Z,2026-07-25T09:57:56Z,2026-08-22T15:40:41+00:00,,,unlinked,,,,,new,,
tts_audio_voice,5558,[RFC]: /v1/realtime OpenAI-spec conformance gap audit,https://github.com/vllm-project/vllm-omni/issues/5558,open,,,2026-07-29T15:27:28Z,2026-08-05T11:20:16Z,2026-08-22T15:40:41+00:00,,,linked_partial,,,,,new,,
tts_audio_voice,5644,[Question] MiniCPM-o 4.5 native duplex: barge-in and backchannel — what should the serving layer expect from the released weights?,https://github.com/vllm-project/vllm-omni/issues/5644,open,,,2026-07-31T06:37:12Z,2026-07-31T06:37:12Z,2026-08-22T15:40:41+00:00,,,unlinked,,,,,new,,
tts_audio_voice,5722,[RFC]: OpenAI-compliant /v1/audio/transcriptions with word-level alignment,https://github.com/vllm-project/vllm-omni/issues/5722,open,"frontend, omni",,2026-08-03T16:15:51Z,2026-08-05T20:31:13Z,2026-08-22T15:40:41+00:00,,,linked_partial,,,,,new,,
tts_audio_voice,6004,[Feature]: Multi-LoRA support for VoxCPM2,https://github.com/vllm-project/vllm-omni/issues/6004,open,,,2026-08-10T16:46:55Z,2026-08-10T16:46:55Z,2026-08-22T15:40:41+00:00,,,unlinked,,,,,new,,
tts_audio_voice,6116,[RFC]: Task-Oriented Examples Information Architecture,https://github.com/vllm-project/vllm-omni/issues/6116,open,RFC,,2026-08-12T15:14:33Z,2026-08-12T15:14:33Z,2026-08-22T15:40:41+00:00,,,unlinked,,,,,new,,
tts_audio_voice,6158,[Feature][Qwen3-TTS] Add runtime safeguards for rare codec repetition and missing EOS,https://github.com/vllm-project/vllm-omni/issues/6158,open,,,2026-08-13T09:30:02Z,2026-08-17T09:37:04Z,2026-08-22T15:40:41+00:00,,,unlinked,,,,,new,,
tts_audio_voice,6176,[RFC]: Audit and clean up bundled deploy YAML arguments and documentation,https://github.com/vllm-project/vllm-omni/issues/6176,open,,,2026-08-13T22:25:36Z,2026-08-13T22:29:14Z,2026-08-22T15:40:41+00:00,,,unlinked,,,,,new,,
tts_audio_voice,6479,[Bug]: moss_tts_nano offline example iterates OmniRequestOutput and raises TypeError,https://github.com/vllm-project/vllm-omni/issues/6479,open,,,2026-08-22T11:49:01Z,2026-08-22T11:49:01Z,2026-08-22T15:40:41+00:00,,,unlinked,,,,,new,,
